{"cameraMode":{"drawMode":0,"name":"Shaded","section":"Shading Mode"},"sceneLighting":true,"audioPlay":false,"sceneViewState":{"showFog":true,"showMaterialUpdate":false,"showSkybox":true,"showFlares":true,"showImageEffects":true,"showParticleSystems":true},"in2DMode":false,"pivot":{"x":-4.830210208892822,"y":-1.8412461280822755,"z":29.503782272338868},"rotation":{"x":0.19641351699829102,"y":-0.07639799267053604,"z":0.015352257527410984,"w":0.9774197936058044},"size":25.864826202392579,"orthographic":false}