{"cameraMode":{"drawMode":0,"name":"Shaded","section":"Shading Mode"},"sceneLighting":false,"audioPlay":false,"sceneViewState":{"showFog":false,"showMaterialUpdate":false,"showSkybox":false,"showFlares":false,"showImageEffects":false,"showParticleSystems":false},"in2DMode":false,"pivot":{"x":14.579999923706055,"y":1.6644123792648316,"z":5.619999885559082},"rotation":{"x":0.05109130218625069,"y":0.9380596876144409,"z":-0.1577228605747223,"w":0.3042321503162384},"size":1.7916207313537598,"orthographic":false}