{"cameraMode":{"drawMode":2,"name":"Shaded Wireframe","section":"Shading Mode"},"sceneLighting":false,"audioPlay":false,"sceneViewState":{"showFog":false,"showMaterialUpdate":false,"showSkybox":false,"showFlares":false,"showImageEffects":false,"showParticleSystems":false},"in2DMode":false,"pivot":{"x":0.05073440074920654,"y":1.0206605195999146,"z":-0.08457449078559876},"rotation":{"x":-0.040315255522727969,"y":-0.9560562372207642,"z":0.2431764453649521,"w":-0.15873394906520844},"size":4.930858135223389,"orthographic":false}