{"cameraMode":{"drawMode":0,"name":"Shaded","section":"Shading Mode"},"sceneLighting":false,"audioPlay":false,"sceneViewState":{"showFog":true,"showMaterialUpdate":false,"showSkybox":false,"showFlares":true,"showImageEffects":true,"showParticleSystems":true},"in2DMode":false,"pivot":{"x":0.042716383934020999,"y":0.6020568609237671,"z":0.009366273880004883},"rotation":{"x":0.03848545625805855,"y":0.9500477910041809,"z":-0.12990695238113404,"w":0.2811623513698578},"size":1.9526522159576417,"orthographic":false}