{"cameraMode":{"drawMode":0,"name":"Shaded","section":"Shading Mode"},"sceneLighting":true,"audioPlay":false,"sceneViewState":{"showFog":false,"showMaterialUpdate":false,"showSkybox":false,"showFlares":false,"showImageEffects":false,"showParticleSystems":false},"in2DMode":false,"pivot":{"x":0.22126087546348573,"y":5.13974666595459,"z":6.702334403991699},"rotation":{"x":0.0010195609647780657,"y":0.99759840965271,"z":-0.06759908050298691,"w":0.015062842518091202},"size":13.708490371704102,"orthographic":false}