{"cameraMode":{"drawMode":0,"name":"Shaded","section":"Shading Mode"},"sceneLighting":false,"audioPlay":false,"sceneViewState":{"showFog":true,"showMaterialUpdate":false,"showSkybox":true,"showFlares":true,"showImageEffects":true,"showParticleSystems":true},"in2DMode":false,"pivot":{"x":-0.7412164807319641,"y":3.475043296813965,"z":0.45971250534057619},"rotation":{"x":-0.03529725223779678,"y":0.9637479186058044,"z":-0.16435793042182923,"w":-0.20719674229621888},"size":9.084710121154786,"orthographic":false}