{"cameraMode":{"drawMode":0,"name":"Shaded","section":"Shading Mode"},"sceneLighting":false,"audioPlay":false,"sceneViewState":{"showFog":true,"showMaterialUpdate":true,"showSkybox":false,"showFlares":true,"showImageEffects":true,"showParticleSystems":true},"in2DMode":false,"pivot":{"x":-19.636377334594728,"y":8.491501808166504,"z":1.2799463272094727},"rotation":{"x":-0.14756150543689729,"y":-0.8059113621711731,"z":0.22573868930339814,"w":-0.5270431041717529},"size":1.3937160968780518,"orthographic":false}