{"cameraMode":{"drawMode":0,"name":"Shaded","section":"Shading Mode"},"sceneLighting":false,"audioPlay":false,"sceneViewState":{"showFog":true,"showMaterialUpdate":true,"showSkybox":false,"showFlares":true,"showImageEffects":true,"showParticleSystems":true},"in2DMode":false,"pivot":{"x":-0.0352378785610199,"y":-0.38281702995300295,"z":-1.10722815990448},"rotation":{"x":0.0009490299271419644,"y":-0.7397674918174744,"z":0.6728612780570984,"w":0.0009653432643972337},"size":0.79167240858078,"orthographic":false}