{"cameraMode":{"drawMode":0,"name":"Shaded","section":"Shading Mode"},"sceneLighting":true,"audioPlay":false,"sceneViewState":{"showFog":true,"showMaterialUpdate":true,"showSkybox":true,"showFlares":true,"showImageEffects":true,"showParticleSystems":true},"in2DMode":false,"pivot":{"x":2.740943431854248,"y":-0.7358942031860352,"z":-26.508014678955079},"rotation":{"x":0.00802154466509819,"y":0.9917991757392883,"z":-0.09893877059221268,"w":0.08050618320703507},"size":29.371397018432618,"orthographic":false}