{"cameraMode":{"drawMode":0,"name":"Shaded","section":"Shading Mode"},"sceneLighting":false,"audioPlay":false,"sceneViewState":{"showFog":false,"showMaterialUpdate":false,"showSkybox":false,"showFlares":false,"showImageEffects":false,"showParticleSystems":false},"in2DMode":false,"pivot":{"x":-2.980232238769531e-7,"y":0.33000004291534426,"z":-1.1920928955078126e-7},"rotation":{"x":-0.13477420806884767,"y":0.842409610748291,"z":-0.24705970287322999,"w":-0.45950356125831606},"size":2.274542808532715,"orthographic":false}