{"cameraMode":{"drawMode":0,"name":"Shaded","section":"Shading Mode"},"sceneLighting":true,"audioPlay":false,"sceneViewState":{"showFog":true,"showMaterialUpdate":true,"showSkybox":true,"showFlares":true,"showImageEffects":true,"showParticleSystems":true},"in2DMode":false,"pivot":{"x":8.596092224121094,"y":-7.304203033447266,"z":-0.7367935180664063},"rotation":{"x":0.10437624901533127,"y":0.8719427585601807,"z":-0.42865902185440066,"w":0.2123039811849594},"size":20.934659957885743,"orthographic":false}