{"cameraMode":{"drawMode":0,"name":"Shaded","section":"Shading Mode"},"sceneLighting":true,"audioPlay":false,"sceneViewState":{"showFog":true,"showMaterialUpdate":true,"showSkybox":true,"showFlares":true,"showImageEffects":true,"showParticleSystems":true},"in2DMode":false,"pivot":{"x":132.99180603027345,"y":-14.317240715026856,"z":-27.652904510498048},"rotation":{"x":-0.009762155823409558,"y":0.986612856388092,"z":-0.14952616393566132,"w":-0.06435644626617432},"size":66.1058349609375,"orthographic":false}