{"cameraMode":{"drawMode":0,"name":"Shaded","section":"Shading Mode"},"sceneLighting":true,"audioPlay":false,"sceneViewState":{"showFog":false,"showMaterialUpdate":false,"showSkybox":false,"showFlares":false,"showImageEffects":false,"showParticleSystems":false},"in2DMode":false,"pivot":{"x":-23.267581939697267,"y":0.6721906661987305,"z":-5.334394454956055},"rotation":{"x":-0.1237814798951149,"y":0.6567102074623108,"z":-0.11049026995897293,"w":-0.7356641292572022},"size":41.58415603637695,"orthographic":false}