{"cameraMode":{"drawMode":0,"name":"Shaded","section":"Shading Mode"},"sceneLighting":false,"audioPlay":false,"sceneViewState":{"showFog":false,"showMaterialUpdate":false,"showSkybox":false,"showFlares":false,"showImageEffects":false,"showParticleSystems":false},"in2DMode":false,"pivot":{"x":11.047998428344727,"y":3.388197422027588,"z":7.201921463012695},"rotation":{"x":0.020248567685484887,"y":0.968695878982544,"z":-0.23250751197338105,"w":0.08460811525583267},"size":4.528350830078125,"orthographic":false}