{"cameraMode":{"drawMode":0,"name":"Shaded","section":"Shading Mode"},"sceneLighting":false,"audioPlay":false,"sceneViewState":{"showFog":false,"showMaterialUpdate":false,"showSkybox":false,"showFlares":false,"showImageEffects":false,"showParticleSystems":false},"in2DMode":false,"pivot":{"x":1.8249037265777588,"y":5.645162105560303,"z":-22.08578109741211},"rotation":{"x":0.019510436803102495,"y":-0.9764018654823303,"z":0.1000632494688034,"w":0.19038426876068116},"size":22.0,"orthographic":false}