{"cameraMode":{"drawMode":0,"name":"Shaded","section":"Shading Mode"},"sceneLighting":false,"audioPlay":false,"sceneViewState":{"showFog":true,"showMaterialUpdate":true,"showSkybox":false,"showFlares":true,"showImageEffects":true,"showParticleSystems":true},"in2DMode":false,"pivot":{"x":0.0,"y":20.856060028076173,"z":0.0000019073486328125},"rotation":{"x":0.060256268829107288,"y":0.9386032223701477,"z":-0.21524766087532044,"w":0.2627955973148346},"size":154.95750427246095,"orthographic":false}