{"cameraMode":{"drawMode":0,"name":"Shaded","section":"Shading Mode"},"sceneLighting":false,"audioPlay":false,"sceneViewState":{"showFog":false,"showMaterialUpdate":false,"showSkybox":false,"showFlares":false,"showImageEffects":false,"showParticleSystems":false},"in2DMode":false,"pivot":{"x":10.637510299682618,"y":1.7894076108932496,"z":8.940258026123047},"rotation":{"x":0.02467762865126133,"y":0.8228195309638977,"z":-0.5666283965110779,"w":0.03593635931611061},"size":3.32835054397583,"orthographic":false}