{"cameraMode":{"drawMode":0,"name":"Shaded","section":"Shading Mode"},"sceneLighting":false,"audioPlay":false,"sceneViewState":{"showFog":false,"showMaterialUpdate":false,"showSkybox":false,"showFlares":false,"showImageEffects":false,"showParticleSystems":false},"in2DMode":false,"pivot":{"x":-0.2319311499595642,"y":1.176162838935852,"z":-0.0444338321685791},"rotation":{"x":-0.1754978895187378,"y":-0.08311361074447632,"z":0.014928886666893959,"w":-0.9808515310287476},"size":1.947319507598877,"orthographic":false}