{"cameraMode":{"drawMode":0,"name":"Shaded","section":"Shading Mode"},"sceneLighting":true,"audioPlay":false,"sceneViewState":{"showFog":true,"showMaterialUpdate":true,"showSkybox":true,"showFlares":true,"showImageEffects":true,"showParticleSystems":true},"in2DMode":false,"pivot":{"x":0.23795413970947267,"y":-7.037043571472168,"z":-8.000648498535157},"rotation":{"x":0.007885769940912724,"y":0.9793147444725037,"z":-0.19839632511138917,"w":0.038978997617959979},"size":31.584505081176759,"orthographic":false}