{"cameraMode":{"drawMode":0,"name":"Shaded","section":"Shading Mode"},"sceneLighting":false,"audioPlay":false,"sceneViewState":{"showFog":false,"showMaterialUpdate":false,"showSkybox":false,"showFlares":false,"showImageEffects":false,"showParticleSystems":false},"in2DMode":false,"pivot":{"x":6.412480354309082,"y":2.610731840133667,"z":-1.53604257106781},"rotation":{"x":-0.14686331152915955,"y":-0.8530592918395996,"z":0.35072633624076846,"w":-0.3573683798313141},"size":10.898730278015137,"orthographic":false}