{"cameraMode":{"drawMode":0,"name":"Shaded","section":"Shading Mode"},"sceneLighting":true,"audioPlay":false,"sceneViewState":{"showFog":false,"showMaterialUpdate":false,"showSkybox":false,"showFlares":false,"showImageEffects":false,"showParticleSystems":false},"in2DMode":false,"pivot":{"x":6.647220134735107,"y":-2.982363224029541,"z":-16.16878890991211},"rotation":{"x":-0.014343359507620335,"y":-0.9840295910835266,"z":0.15030056238174439,"w":-0.09428565949201584},"size":27.793550491333009,"orthographic":false}