{"cameraMode":{"drawMode":0,"name":"Shaded","section":"Shading Mode"},"sceneLighting":false,"audioPlay":false,"sceneViewState":{"showFog":false,"showMaterialUpdate":false,"showSkybox":false,"showFlares":false,"showImageEffects":false,"showParticleSystems":false},"in2DMode":false,"pivot":{"x":12.108449935913086,"y":1.8264002799987794,"z":8.039345741271973},"rotation":{"x":0.005536953918635845,"y":0.9943979978561401,"z":-0.06872250139713288,"w":0.0801204964518547},"size":1.5579173564910889,"orthographic":true}