{"cameraMode":{"drawMode":0,"name":"Shaded","section":"Shading Mode"},"sceneLighting":true,"audioPlay":false,"sceneViewState":{"showFog":true,"showMaterialUpdate":false,"showSkybox":true,"showFlares":true,"showImageEffects":true,"showParticleSystems":true},"in2DMode":false,"pivot":{"x":-0.7725954055786133,"y":1.8685684204101563,"z":-1.6648263931274415},"rotation":{"x":0.12370249629020691,"y":-0.6181446313858032,"z":0.09932078421115875,"w":0.769889771938324},"size":14.532413482666016,"orthographic":false}